<?xml version="1.0" encoding="utf-8" ?>
<introContent>
   <extensionContent id="org.jeelee.filenamager.changes" name="FileManager" alt-style="css/whatsnew.properties" style="css/whatsnew.css" path="whatsnew/@">
      <group id="FileManager-group" style-id="content-group">
         <link label="file manager" 
        url="http://org.eclipse.ui.intro/showHelpTopic?id=/org.jeelee.filemanager/$nl$/html/help/concepts/whatsnew.html"
                                          id="FileManager-noteworthy" 
                                          style-id="content-link">
            <text>learn about significant changes made to FileManager for this release</text>
         </link>
      </group>
   </extensionContent>
</introContent>
