<?xml version="1.0" encoding="UTF-8"?>
<?NLS TYPE="org.eclipse.help.toc"?>

<toc label="Sample Table of Contents" topic="html/toc.html">
   <topic label="Getting Started">
      <anchor id="gettingstarted"/>
   </topic>
   <topic label="Concepts">
      <anchor id="concepts"/>
   </topic>
   <topic label="Tasks">
      <anchor id="tasks"/>
   </topic>
   <topic label="Reference">
      <anchor id="reference"/>
   </topic>
   <topic label="Samples">
      <anchor id="samples"/>
   </topic>
</toc>
